SET DB_CLOSE_DELAY -1;         
;              
CREATE USER IF NOT EXISTS SA SALT '354a509802d410e6' HASH '9747e8fd740f511c4a35a6ca57e06f9e54506948760f6c0bcddbcf1427537564' ADMIN;            
CREATE SEQUENCE PUBLIC.SYSTEM_SEQUENCE_0E53D235_5E06_4700_85E7_37F25F026B74 START WITH 4 BELONGS_TO_TABLE;     
CREATE SEQUENCE PUBLIC.SYSTEM_SEQUENCE_88901B7C_3B05_4D0D_AF8D_DAA912D307B7 START WITH 5 BELONGS_TO_TABLE;     
CREATE SEQUENCE PUBLIC.SYSTEM_SEQUENCE_AB43F87E_D01C_4CA1_984D_7EEA0C8CBE18 START WITH 13 BELONGS_TO_TABLE;    
CREATE SEQUENCE PUBLIC.SYSTEM_SEQUENCE_6516B54D_4349_488B_8B39_B9F28A7A2760 START WITH 1 BELONGS_TO_TABLE;     
CREATE SEQUENCE PUBLIC.SYSTEM_SEQUENCE_0D3994EB_1262_4AE6_BAFE_1AFCF8A057D8 START WITH 4 BELONGS_TO_TABLE;     
CREATE SEQUENCE PUBLIC.SYSTEM_SEQUENCE_8258D363_13EF_4867_BBEB_03403EB0C9EC START WITH 3 BELONGS_TO_TABLE;     
CREATE SEQUENCE PUBLIC.SYSTEM_SEQUENCE_B74936BE_DCE1_4A39_BEDF_620085B89368 START WITH 7 BELONGS_TO_TABLE;     
CREATE SEQUENCE PUBLIC.SYSTEM_SEQUENCE_E8264350_11F2_49C0_B535_9D2264CBC742 START WITH 4 BELONGS_TO_TABLE;     
CREATE SEQUENCE PUBLIC.SYSTEM_SEQUENCE_4C1821F4_577B_43E5_967E_B7E269101494 START WITH 3 BELONGS_TO_TABLE;     
CREATE SEQUENCE PUBLIC.SYSTEM_SEQUENCE_BA62367B_9913_4D01_8625_12FAAA6DFC48 START WITH 1 BELONGS_TO_TABLE;     
CREATE SEQUENCE PUBLIC.SYSTEM_SEQUENCE_3B5E90FD_8B3F_4D31_9B43_BB5A20A416E6 START WITH 19 BELONGS_TO_TABLE;    
CREATE SEQUENCE PUBLIC.SYSTEM_SEQUENCE_73FC3008_8F3D_4971_A391_D641D11B3DAF START WITH 7 BELONGS_TO_TABLE;     
CREATE SEQUENCE PUBLIC.SYSTEM_SEQUENCE_023EAF71_A2DD_4ACC_A260_83C8172A4D57 START WITH 23 BELONGS_TO_TABLE;    
CREATE MEMORY TABLE PUBLIC.ADVERTISEMENT_PREFERREDINTERVALS(
    ADVERTISEMENT_ID BIGINT NOT NULL,
    PREFERREDINTERVALS BINARY(255)
);       
-- 9 +/- SELECT COUNT(*) FROM PUBLIC.ADVERTISEMENT_PREFERREDINTERVALS;         
INSERT INTO PUBLIC.ADVERTISEMENT_PREFERREDINTERVALS(ADVERTISEMENT_ID, PREFERREDINTERVALS) VALUES
(1, X'aced00057372001e68752e6f6b666f6e6f6b2e636f6d6d6f6e2e44617465496e74657276616c01f89d12e977bf010200024c0003656e647400104c6a6176612f7574696c2f446174653b4c0005737461727471007e00017872001568752e6f6b666f6e6f6b2e42617365456e7469747900000000000000010200014a00026964787000000000000000007372000e6a6176612e7574696c2e44617465686a81014b597419030000787077080000014aa5b043c0787371007e000477080000014aa36f7b8078'),
(1, X'aced00057372001e68752e6f6b666f6e6f6b2e636f6d6d6f6e2e44617465496e74657276616c01f89d12e977bf010200024c0003656e647400104c6a6176612f7574696c2f446174653b4c0005737461727471007e00017872001568752e6f6b666f6e6f6b2e42617365456e7469747900000000000000010200014a00026964787000000000000000007372000e6a6176612e7574696c2e44617465686a81014b597419030000787077080000014a963d2fc0787371007e000477080000014a944ecd4078'),
(1, X'aced00057372001e68752e6f6b666f6e6f6b2e636f6d6d6f6e2e44617465496e74657276616c01f89d12e977bf010200024c0003656e647400104c6a6176612f7574696c2f446174653b4c0005737461727471007e00017872001568752e6f6b666f6e6f6b2e42617365456e7469747900000000000000010200014a00026964787000000000000000007372000e6a6176612e7574696c2e44617465686a81014b597419030000787077080000014aa0a55f00787371007e000477080000014a9f5bc80078'),
(2, X'aced00057372001e68752e6f6b666f6e6f6b2e636f6d6d6f6e2e44617465496e74657276616c01f89d12e977bf010200024c0003656e647400104c6a6176612f7574696c2f446174653b4c0005737461727471007e00017872001568752e6f6b666f6e6f6b2e42617365456e7469747900000000000000010200014a00026964787000000000000000007372000e6a6176612e7574696c2e44617465686a81014b597419030000787077080000014aac8e13c0787371007e000477080000014aa8ccc60078'),
(2, X'aced00057372001e68752e6f6b666f6e6f6b2e636f6d6d6f6e2e44617465496e74657276616c01f89d12e977bf010200024c0003656e647400104c6a6176612f7574696c2f446174653b4c0005737461727471007e00017872001568752e6f6b666f6e6f6b2e42617365456e7469747900000000000000010200014a00026964787000000000000000007372000e6a6176612e7574696c2e44617465686a81014b597419030000787077080000014ab5c82340787371007e000477080000014ab23dc40078'),
(2, X'aced00057372001e68752e6f6b666f6e6f6b2e636f6d6d6f6e2e44617465496e74657276616c01f89d12e977bf010200024c0003656e647400104c6a6176612f7574696c2f446174653b4c0005737461727471007e00017872001568752e6f6b666f6e6f6b2e42617365456e7469747900000000000000010200014a00026964787000000000000000007372000e6a6176612e7574696c2e44617465686a81014b597419030000787077080000014a9d1affc0787371007e000477080000014a9975294078'),
(3, X'aced00057372001e68752e6f6b666f6e6f6b2e636f6d6d6f6e2e44617465496e74657276616c01f89d12e977bf010200024c0003656e647400104c6a6176612f7574696c2f446174653b4c0005737461727471007e00017872001568752e6f6b666f6e6f6b2e42617365456e7469747900000000000000010200014a00026964787000000000000000007372000e6a6176612e7574696c2e44617465686a81014b597419030000787077080000014aa5cbbb00787371007e000477080000014aa3388d0078'),
(3, X'aced00057372001e68752e6f6b666f6e6f6b2e636f6d6d6f6e2e44617465496e74657276616c01f89d12e977bf010200024c0003656e647400104c6a6176612f7574696c2f446174653b4c0005737461727471007e00017872001568752e6f6b666f6e6f6b2e42617365456e7469747900000000000000010200014a00026964787000000000000000007372000e6a6176612e7574696c2e44617465686a81014b597419030000787077080000014a9aa34900787371007e000477080000014a9922c38078'),
(3, X'aced00057372001e68752e6f6b666f6e6f6b2e636f6d6d6f6e2e44617465496e74657276616c01f89d12e977bf010200024c0003656e647400104c6a6176612f7574696c2f446174653b4c0005737461727471007e00017872001568752e6f6b666f6e6f6b2e42617365456e7469747900000000000000010200014a00026964787000000000000000007372000e6a6176612e7574696c2e44617465686a81014b597419030000787077080000014ab5e39a80787371007e000477080000014ab2593b4078');           
CREATE MEMORY TABLE PUBLIC.OFFER_INTERVALS(
    OFFER_ID BIGINT NOT NULL,
    INTERVALS BINARY(255)
);         
-- 0 +/- SELECT COUNT(*) FROM PUBLIC.OFFER_INTERVALS;          
CREATE MEMORY TABLE PUBLIC.ADVERTISEMENT(
    ID BIGINT DEFAULT (NEXT VALUE FOR PUBLIC.SYSTEM_SEQUENCE_E8264350_11F2_49C0_B535_9D2264CBC742) NOT NULL NULL_TO_DEFAULT SEQUENCE PUBLIC.SYSTEM_SEQUENCE_E8264350_11F2_49C0_B535_9D2264CBC742,
    OTHER VARCHAR(255),
    DATECREATED TIMESTAMP NOT NULL,
    UUID VARCHAR(255) NOT NULL,
    DESCRIPTION VARCHAR(2000) NOT NULL,
    HOMEJOB BOOLEAN NOT NULL,
    MAXOFFER INTEGER NOT NULL CHECK (MAXOFFER >= 1),
    REMUNERATION VARCHAR(255) NOT NULL,
    SETTLEMENT_ID BIGINT,
    CATEGORY_ID BIGINT NOT NULL,
    USER_ID BIGINT NOT NULL
);           
ALTER TABLE PUBLIC.ADVERTISEMENT ADD CONSTRAINT PUBLIC.CONSTRAINT_B PRIMARY KEY(ID);           
-- 3 +/- SELECT COUNT(*) FROM PUBLIC.ADVERTISEMENT;            
INSERT INTO PUBLIC.ADVERTISEMENT(ID, OTHER, DATECREATED, UUID, DESCRIPTION, HOMEJOB, MAXOFFER, REMUNERATION, SETTLEMENT_ID, CATEGORY_ID, USER_ID) VALUES
(1, NULL, TIMESTAMP '2014-12-29 15:00:31.125', 'e3f2c348-4290-418c-9ff0-83994d49945d', STRINGDECODE('ez az els\u0151 hirdet\u00e9sem, \u00c1cs \u00c1d\u00e1m felhaszn\u00e1l\u00f3val, ide j\u00f6n a feladat le\u00edr\u00e1sa'), TRUE, 2000, 'Fix', NULL, 3, 3),
(2, NULL, TIMESTAMP '2014-12-29 15:02:15.511', '40299038-260e-45dd-8cba-579f753054ac', STRINGDECODE('\u00fajabb hirdet\u00e9s'), FALSE, 2340, 'Fix', NULL, 14, 3),
(3, NULL, TIMESTAMP '2014-12-29 15:02:50.897', '01b579d9-149f-4730-bdd0-5efba3aa87d2', STRINGDECODE('B\u00e9la els\u0151 hirdet\u00e9se'), FALSE, 50000, STRINGDECODE('\u00d3rad\u00edj'), NULL, 3, 2);        
CREATE MEMORY TABLE PUBLIC.CONVERSATION(
    ID BIGINT DEFAULT (NEXT VALUE FOR PUBLIC.SYSTEM_SEQUENCE_4C1821F4_577B_43E5_967E_B7E269101494) NOT NULL NULL_TO_DEFAULT SEQUENCE PUBLIC.SYSTEM_SEQUENCE_4C1821F4_577B_43E5_967E_B7E269101494,
    ADVERTISEMENT_ID BIGINT,
    USER1_ID BIGINT NOT NULL,
    USER2_ID BIGINT NOT NULL
);          
ALTER TABLE PUBLIC.CONVERSATION ADD CONSTRAINT PUBLIC.CONSTRAINT_B6 PRIMARY KEY(ID);           
-- 2 +/- SELECT COUNT(*) FROM PUBLIC.CONVERSATION;             
INSERT INTO PUBLIC.CONVERSATION(ID, ADVERTISEMENT_ID, USER1_ID, USER2_ID) VALUES
(1, 2, 2, 3),
(2, 3, 3, 2);   
CREATE MEMORY TABLE PUBLIC.HELP(
    ID BIGINT DEFAULT (NEXT VALUE FOR PUBLIC.SYSTEM_SEQUENCE_6516B54D_4349_488B_8B39_B9F28A7A2760) NOT NULL NULL_TO_DEFAULT SEQUENCE PUBLIC.SYSTEM_SEQUENCE_6516B54D_4349_488B_8B39_B9F28A7A2760,
    CATEGORY VARCHAR(255) NOT NULL,
    MESSAGE VARCHAR(255) NOT NULL,
    SUBJECT VARCHAR(255) NOT NULL,
    USER_ID BIGINT
);             
ALTER TABLE PUBLIC.HELP ADD CONSTRAINT PUBLIC.CONSTRAINT_2 PRIMARY KEY(ID);    
-- 0 +/- SELECT COUNT(*) FROM PUBLIC.HELP;     
CREATE MEMORY TABLE PUBLIC.JOBCATEGORY(
    ID BIGINT DEFAULT (NEXT VALUE FOR PUBLIC.SYSTEM_SEQUENCE_023EAF71_A2DD_4ACC_A260_83C8172A4D57) NOT NULL NULL_TO_DEFAULT SEQUENCE PUBLIC.SYSTEM_SEQUENCE_023EAF71_A2DD_4ACC_A260_83C8172A4D57,
    MAIN BOOLEAN NOT NULL,
    NAME VARCHAR(255),
    MAIN_ID BIGINT
);              
ALTER TABLE PUBLIC.JOBCATEGORY ADD CONSTRAINT PUBLIC.CONSTRAINT_D PRIMARY KEY(ID);             
-- 22 +/- SELECT COUNT(*) FROM PUBLIC.JOBCATEGORY;             
INSERT INTO PUBLIC.JOBCATEGORY(ID, MAIN, NAME, MAIN_ID) VALUES
(1, TRUE, 'ezermester', NULL),
(5, FALSE, STRINGDECODE('kisebb otthoni jav\u00edt\u00e1s'), 1),
(3, FALSE, STRINGDECODE('b\u00fator \u00f6sszeszerel\u00e9s'), 1),
(4, FALSE, STRINGDECODE('pakol\u00e1s'), 1),
(2, TRUE, STRINGDECODE('h\u00e1zvezet\u0151'), NULL),
(6, FALSE, STRINGDECODE('takar\u00edt\u00e1s'), 2),
(7, FALSE, STRINGDECODE('mos\u00e1s'), 2),
(8, FALSE, STRINGDECODE('vasal\u00e1s'), 2),
(9, FALSE, STRINGDECODE('rendrak\u00e1s'), 2),
(10, FALSE, STRINGDECODE('f\u0151z\u00e9s'), 2),
(11, TRUE, STRINGDECODE('otthoni asszisztens (vagy seg\u00edts\u00e9g)'), NULL),
(12, FALSE, STRINGDECODE('sz\u00e1ll\u00edt\u00e1s'), 11),
(13, FALSE, STRINGDECODE('rendezv\u00e9nyszervez\u00e9s'), 11),
(14, FALSE, STRINGDECODE('seg\u00edts\u00e9g a mindennapokban'), 11),
(15, FALSE, STRINGDECODE('seg\u00edts\u00e9g egy rendezv\u00e9nyre'), 11),
(16, TRUE, STRINGDECODE('gyerek felvigy\u00e1z\u00f3'), NULL),
(17, FALSE, STRINGDECODE('gyerekre vigy\u00e1z\u00e1s'), 16),
(18, FALSE, STRINGDECODE('gyerek tan\u00edt\u00e1s'), 16),
(19, TRUE, STRINGDECODE('mag\u00e1ntan\u00e1r'), NULL),
(20, FALSE, STRINGDECODE('nyelvtan\u00edt\u00e1s'), 19),
(21, FALSE, STRINGDECODE('zenetan\u00edt\u00e1s'), 19),
(22, FALSE, STRINGDECODE('f\u0151iskolai/egyetemi tant\u00e1rgy tan\u00edt\u00e1s'), 19);       
CREATE MEMORY TABLE PUBLIC.MESSAGE(
    ID BIGINT DEFAULT (NEXT VALUE FOR PUBLIC.SYSTEM_SEQUENCE_B74936BE_DCE1_4A39_BEDF_620085B89368) NOT NULL NULL_TO_DEFAULT SEQUENCE PUBLIC.SYSTEM_SEQUENCE_B74936BE_DCE1_4A39_BEDF_620085B89368,
    DATECREATED TIMESTAMP NOT NULL,
    TEXT VARCHAR(255) NOT NULL,
    CONVERSATION_ID BIGINT NOT NULL,
    RECIPIENT_ID BIGINT NOT NULL,
    SENDER_ID BIGINT NOT NULL
);              
ALTER TABLE PUBLIC.MESSAGE ADD CONSTRAINT PUBLIC.CONSTRAINT_6 PRIMARY KEY(ID); 
-- 6 +/- SELECT COUNT(*) FROM PUBLIC.MESSAGE;  
INSERT INTO PUBLIC.MESSAGE(ID, DATECREATED, TEXT, CONVERSATION_ID, RECIPIENT_ID, SENDER_ID) VALUES
(1, TIMESTAMP '2014-12-29 16:11:45.211', '123', 1, 2, 3),
(2, TIMESTAMP '2014-12-29 16:12:16.844', '12356', 1, 2, 3),
(3, TIMESTAMP '2014-12-29 16:12:36.805', 'sdf', 1, 2, 3),
(4, TIMESTAMP '2014-12-29 16:14:02.873', '456456456456', 1, 2, 3),
(5, TIMESTAMP '2014-12-29 16:14:25.475', '123123123', 1, 3, 2),
(6, TIMESTAMP '2014-12-29 16:14:27.611', '34534', 1, 3, 2);              
CREATE MEMORY TABLE PUBLIC.OFFER(
    ID BIGINT DEFAULT (NEXT VALUE FOR PUBLIC.SYSTEM_SEQUENCE_0E53D235_5E06_4700_85E7_37F25F026B74) NOT NULL NULL_TO_DEFAULT SEQUENCE PUBLIC.SYSTEM_SEQUENCE_0E53D235_5E06_4700_85E7_37F25F026B74,
    AMOUNT DECIMAL(19, 2) NOT NULL,
    ADVERTISEMENT_ID BIGINT NOT NULL,
    USER_ID BIGINT NOT NULL,
    ACCEPTED INTEGER NOT NULL
);    
ALTER TABLE PUBLIC.OFFER ADD CONSTRAINT PUBLIC.CONSTRAINT_4 PRIMARY KEY(ID);   
-- 3 +/- SELECT COUNT(*) FROM PUBLIC.OFFER;    
INSERT INTO PUBLIC.OFFER(ID, AMOUNT, ADVERTISEMENT_ID, USER_ID, ACCEPTED) VALUES
(1, 1000.00, 2, 2, 0),
(2, 2000.00, 2, 2, 0),
(3, 32232.00, 3, 3, 0);         
CREATE MEMORY TABLE PUBLIC.RATING(
    ID BIGINT DEFAULT (NEXT VALUE FOR PUBLIC.SYSTEM_SEQUENCE_AB43F87E_D01C_4CA1_984D_7EEA0C8CBE18) NOT NULL NULL_TO_DEFAULT SEQUENCE PUBLIC.SYSTEM_SEQUENCE_AB43F87E_D01C_4CA1_984D_7EEA0C8CBE18,
    VALUE DOUBLE NOT NULL CHECK (VALUE <= 10),
    RATEDUSER_ID BIGINT,
    RATERUSER_ID BIGINT NOT NULL,
    SKILL_ID BIGINT NOT NULL
); 
ALTER TABLE PUBLIC.RATING ADD CONSTRAINT PUBLIC.CONSTRAINT_8 PRIMARY KEY(ID);  
-- 12 +/- SELECT COUNT(*) FROM PUBLIC.RATING;  
INSERT INTO PUBLIC.RATING(ID, VALUE, RATEDUSER_ID, RATERUSER_ID, SKILL_ID) VALUES
(1, 8.0, 3, 3, 1),
(2, 2.0, 3, 3, 2),
(3, 6.0, 3, 3, 3),
(4, 8.0, 3, 3, 4),
(5, 5.0, 3, 3, 5),
(6, 9.0, 3, 3, 6),
(7, 7.0, 2, 2, 1),
(8, 2.0, 2, 2, 2),
(9, 6.0, 2, 2, 3),
(10, 8.0, 2, 2, 4),
(11, 8.0, 2, 2, 5),
(12, 9.0, 2, 2, 6);       
CREATE MEMORY TABLE PUBLIC.SETTLEMENT(
    ID BIGINT DEFAULT (NEXT VALUE FOR PUBLIC.SYSTEM_SEQUENCE_3B5E90FD_8B3F_4D31_9B43_BB5A20A416E6) NOT NULL NULL_TO_DEFAULT SEQUENCE PUBLIC.SYSTEM_SEQUENCE_3B5E90FD_8B3F_4D31_9B43_BB5A20A416E6,
    SETTLEMENT VARCHAR(255),
    ZIPCODE INTEGER
);   
ALTER TABLE PUBLIC.SETTLEMENT ADD CONSTRAINT PUBLIC.CONSTRAINT_215 PRIMARY KEY(ID);            
-- 18 +/- SELECT COUNT(*) FROM PUBLIC.SETTLEMENT;              
INSERT INTO PUBLIC.SETTLEMENT(ID, SETTLEMENT, ZIPCODE) VALUES
(1, 'Szentendre', 2000),
(2, STRINGDECODE('Pilisszentl\u00e1szl\u00f3'), 2009),
(3, STRINGDECODE('Budakal\u00e1sz'), 2011),
(4, STRINGDECODE('Pom\u00e1z '), 2013),
(5, STRINGDECODE('Csob\u00e1nka'), 2014),
(6, 'Szigetmonostor', 2015),
(7, STRINGDECODE('Le\u00e1nyfalu'), 2016),
(8, STRINGDECODE('P\u00f3csmegyer'), 2017),
(9, STRINGDECODE('Tahit\u00f3tfalu'), 2021),
(10, STRINGDECODE('Tahit\u00f3tfalu'), 2022),
(11, STRINGDECODE('Dunabogd\u00e1ny'), 2023),
(12, 'Kisoroszi', 2024),
(13, STRINGDECODE('Visegr\u00e1d '), 2025),
(14, STRINGDECODE('Visegr\u00e1d '), 2026),
(15, STRINGDECODE('D\u00f6m\u00f6s'), 2027),
(16, STRINGDECODE('Pilismar\u00f3t'), 2028),
(17, STRINGDECODE('\u00c9rd'), 2030),
(18, STRINGDECODE('\u00c9rd'), 2035);
CREATE MEMORY TABLE PUBLIC.SKILL(
    ID BIGINT DEFAULT (NEXT VALUE FOR PUBLIC.SYSTEM_SEQUENCE_73FC3008_8F3D_4971_A391_D641D11B3DAF) NOT NULL NULL_TO_DEFAULT SEQUENCE PUBLIC.SYSTEM_SEQUENCE_73FC3008_8F3D_4971_A391_D641D11B3DAF,
    NAME VARCHAR(255) NOT NULL,
    QUESTION VARCHAR(255) NOT NULL
);      
ALTER TABLE PUBLIC.SKILL ADD CONSTRAINT PUBLIC.CONSTRAINT_4B PRIMARY KEY(ID);  
-- 6 +/- SELECT COUNT(*) FROM PUBLIC.SKILL;    
INSERT INTO PUBLIC.SKILL(ID, NAME, QUESTION) VALUES
(1, 'skill1', 'question1'),
(2, 'skill2', 'question2'),
(3, 'skill3', 'question3'),
(4, 'skill4', 'question4'),
(5, 'skill5', 'question5'),
(6, 'skill6', 'question6');    
CREATE MEMORY TABLE PUBLIC.USER(
    ID BIGINT DEFAULT (NEXT VALUE FOR PUBLIC.SYSTEM_SEQUENCE_0D3994EB_1262_4AE6_BAFE_1AFCF8A057D8) NOT NULL NULL_TO_DEFAULT SEQUENCE PUBLIC.SYSTEM_SEQUENCE_0D3994EB_1262_4AE6_BAFE_1AFCF8A057D8,
    OTHER VARCHAR(255),
    FIRSTLOGIN BOOLEAN NOT NULL,
    LASTLOGIN TIMESTAMP,
    PASSWORD VARCHAR(255) NOT NULL,
    ACTIVE BOOLEAN NOT NULL,
    ADDRESSCARD VARCHAR(255),
    EMAIL VARCHAR(255),
    FIRSTNAME VARCHAR(255),
    IDCARD VARCHAR(255),
    INTRODUCTION VARCHAR(255),
    LASTNAME VARCHAR(255),
    PHONENUMBER VARCHAR(255),
    REGISTRATIONDATE TIMESTAMP,
    USERNAME VARCHAR(255) NOT NULL,
    SETTLEMENT_ID BIGINT
);       
ALTER TABLE PUBLIC.USER ADD CONSTRAINT PUBLIC.CONSTRAINT_27 PRIMARY KEY(ID);   
-- 3 +/- SELECT COUNT(*) FROM PUBLIC.USER;     
INSERT INTO PUBLIC.USER(ID, OTHER, FIRSTLOGIN, LASTLOGIN, PASSWORD, ACTIVE, ADDRESSCARD, EMAIL, FIRSTNAME, IDCARD, INTRODUCTION, LASTNAME, PHONENUMBER, REGISTRATIONDATE, USERNAME, SETTLEMENT_ID) VALUES
(1, STRINGDECODE('Szabads\u00e1g \u00fat 15'), TRUE, NULL, 'aacs', TRUE, NULL, NULL, NULL, NULL, NULL, NULL, NULL, NULL, 'aacs', 1),
(2, NULL, FALSE, TIMESTAMP '2014-12-29 16:14:12.786', 'aacs', TRUE, '2323232', 'burbela@email.hu', STRINGDECODE('B\u00e9la'), '8473847EA', 'lorem ipsum dolor sit amet', STRINGDECODE('B\u00far'), '06405587564', TIMESTAMP '2014-12-29 14:58:57.923', 'burbela@email.hu', NULL),
(3, NULL, FALSE, TIMESTAMP '2014-12-29 16:11:40.638', 'aacs', TRUE, STRINGDECODE('Honv\u00e9d \u00fat 23'), 'acsadam0404@gmail.com', STRINGDECODE('\u00c1d\u00e1m'), '546878EA', STRINGDECODE('Ide j\u00f6n a magamr\u00f3l sz\u00f6veg'), STRINGDECODE('\u00c1cs'), '06204441128', TIMESTAMP '2014-12-29 14:59:40.263', 'acsadam0404@gmail.com', 1);         
CREATE MEMORY TABLE PUBLIC.USER_ADVERTISEMENT(
    USER_ID BIGINT NOT NULL,
    SAVEDADS_ID BIGINT NOT NULL
); 
-- 2 +/- SELECT COUNT(*) FROM PUBLIC.USER_ADVERTISEMENT;       
INSERT INTO PUBLIC.USER_ADVERTISEMENT(USER_ID, SAVEDADS_ID) VALUES
(2, 2),
(2, 1);             
CREATE MEMORY TABLE PUBLIC.VALUESET(
    ID BIGINT DEFAULT (NEXT VALUE FOR PUBLIC.SYSTEM_SEQUENCE_8258D363_13EF_4867_BBEB_03403EB0C9EC) NOT NULL NULL_TO_DEFAULT SEQUENCE PUBLIC.SYSTEM_SEQUENCE_8258D363_13EF_4867_BBEB_03403EB0C9EC,
    NAME VARCHAR(255) NOT NULL
);       
ALTER TABLE PUBLIC.VALUESET ADD CONSTRAINT PUBLIC.CONSTRAINT_DA PRIMARY KEY(ID);               
-- 2 +/- SELECT COUNT(*) FROM PUBLIC.VALUESET; 
INSERT INTO PUBLIC.VALUESET(ID, NAME) VALUES
(1, 'remuneration'),
(2, 'help_category');        
CREATE MEMORY TABLE PUBLIC.VALUESETENTRY(
    ID BIGINT DEFAULT (NEXT VALUE FOR PUBLIC.SYSTEM_SEQUENCE_88901B7C_3B05_4D0D_AF8D_DAA912D307B7) NOT NULL NULL_TO_DEFAULT SEQUENCE PUBLIC.SYSTEM_SEQUENCE_88901B7C_3B05_4D0D_AF8D_DAA912D307B7,
    BKEY VARCHAR(255) NOT NULL,
    VALUESET_ID BIGINT NOT NULL
); 
ALTER TABLE PUBLIC.VALUESETENTRY ADD CONSTRAINT PUBLIC.CONSTRAINT_DE PRIMARY KEY(ID);          
-- 4 +/- SELECT COUNT(*) FROM PUBLIC.VALUESETENTRY;            
INSERT INTO PUBLIC.VALUESETENTRY(ID, BKEY, VALUESET_ID) VALUES
(1, 'Fix', 1),
(2, STRINGDECODE('\u00d3rad\u00edj'), 1),
(3, 'Egyik', 2),
(4, STRINGDECODE('M\u00e1sik'), 2);   
CREATE MEMORY TABLE PUBLIC.VALUESTORE(
    ID BIGINT DEFAULT (NEXT VALUE FOR PUBLIC.SYSTEM_SEQUENCE_BA62367B_9913_4D01_8625_12FAAA6DFC48) NOT NULL NULL_TO_DEFAULT SEQUENCE PUBLIC.SYSTEM_SEQUENCE_BA62367B_9913_4D01_8625_12FAAA6DFC48,
    NAME VARCHAR(255) NOT NULL,
    VALUE VARCHAR(255) NOT NULL
);    
ALTER TABLE PUBLIC.VALUESTORE ADD CONSTRAINT PUBLIC.CONSTRAINT_9 PRIMARY KEY(ID);              
-- 0 +/- SELECT COUNT(*) FROM PUBLIC.VALUESTORE;               
ALTER TABLE PUBLIC.OFFER ADD CONSTRAINT PUBLIC.CONSTRAINT_47 UNIQUE(ID);       
ALTER TABLE PUBLIC.RATING ADD CONSTRAINT PUBLIC.CONSTRAINT_8F UNIQUE(ID);      
ALTER TABLE PUBLIC.JOBCATEGORY ADD CONSTRAINT PUBLIC.CONSTRAINT_D8 UNIQUE(ID); 
ALTER TABLE PUBLIC.USER ADD CONSTRAINT PUBLIC.CONSTRAINT_27E UNIQUE(ID);       
ALTER TABLE PUBLIC.SKILL ADD CONSTRAINT PUBLIC.CONSTRAINT_4B4 UNIQUE(ID);      
ALTER TABLE PUBLIC.HELP ADD CONSTRAINT PUBLIC.CONSTRAINT_21 UNIQUE(ID);        
ALTER TABLE PUBLIC.CONVERSATION ADD CONSTRAINT PUBLIC.CONSTRAINT_B63 UNIQUE(ID);               
ALTER TABLE PUBLIC.VALUESET ADD CONSTRAINT PUBLIC.CONSTRAINT_DA9 UNIQUE(ID);   
ALTER TABLE PUBLIC.SETTLEMENT ADD CONSTRAINT PUBLIC.CONSTRAINT_2150 UNIQUE(ID);
ALTER TABLE PUBLIC.ADVERTISEMENT ADD CONSTRAINT PUBLIC.CONSTRAINT_B2 UNIQUE(ID);               
ALTER TABLE PUBLIC.VALUESETENTRY ADD CONSTRAINT PUBLIC.CONSTRAINT_DE3 UNIQUE(ID);              
ALTER TABLE PUBLIC.VALUESTORE ADD CONSTRAINT PUBLIC.CONSTRAINT_97 UNIQUE(ID);  
ALTER TABLE PUBLIC.MESSAGE ADD CONSTRAINT PUBLIC.CONSTRAINT_63 UNIQUE(ID);     
ALTER TABLE PUBLIC.ADVERTISEMENT ADD CONSTRAINT PUBLIC.FKF85DD20582240ED3 FOREIGN KEY(SETTLEMENT_ID) REFERENCES PUBLIC.SETTLEMENT(ID) NOCHECK; 
ALTER TABLE PUBLIC.OFFER ADD CONSTRAINT PUBLIC.FK64C1A5C64DDF1F3 FOREIGN KEY(USER_ID) REFERENCES PUBLIC.USER(ID) NOCHECK;      
ALTER TABLE PUBLIC.ADVERTISEMENT_PREFERREDINTERVALS ADD CONSTRAINT PUBLIC.FKB477B16792AACC79 FOREIGN KEY(ADVERTISEMENT_ID) REFERENCES PUBLIC.ADVERTISEMENT(ID) NOCHECK;        
ALTER TABLE PUBLIC.HELP ADD CONSTRAINT PUBLIC.FK30CF4164DDF1F3 FOREIGN KEY(USER_ID) REFERENCES PUBLIC.USER(ID) NOCHECK;        
ALTER TABLE PUBLIC.CONVERSATION ADD CONSTRAINT PUBLIC.FK2C1DDC835DB0CA18 FOREIGN KEY(USER1_ID) REFERENCES PUBLIC.USER(ID) NOCHECK;             
ALTER TABLE PUBLIC.RATING ADD CONSTRAINT PUBLIC.FKC815B19DAF2E5A21 FOREIGN KEY(RATERUSER_ID) REFERENCES PUBLIC.USER(ID) NOCHECK;               
ALTER TABLE PUBLIC.VALUESETENTRY ADD CONSTRAINT PUBLIC.FK247249C164F6DFF3 FOREIGN KEY(VALUESET_ID) REFERENCES PUBLIC.VALUESET(ID) NOCHECK;     
ALTER TABLE PUBLIC.USER_ADVERTISEMENT ADD CONSTRAINT PUBLIC.FKDEE89091FFCC4F35 FOREIGN KEY(SAVEDADS_ID) REFERENCES PUBLIC.ADVERTISEMENT(ID) NOCHECK;           
ALTER TABLE PUBLIC.USER_ADVERTISEMENT ADD CONSTRAINT PUBLIC.FKDEE8909164DDF1F3 FOREIGN KEY(USER_ID) REFERENCES PUBLIC.USER(ID) NOCHECK;        
ALTER TABLE PUBLIC.MESSAGE ADD CONSTRAINT PUBLIC.FK38EB00079AED040B FOREIGN KEY(CONVERSATION_ID) REFERENCES PUBLIC.CONVERSATION(ID) NOCHECK;   
ALTER TABLE PUBLIC.OFFER_INTERVALS ADD CONSTRAINT PUBLIC.FKDD743E0B9480803E FOREIGN KEY(OFFER_ID) REFERENCES PUBLIC.OFFER(ID) NOCHECK;         
ALTER TABLE PUBLIC.JOBCATEGORY ADD CONSTRAINT PUBLIC.FK57BF4BBB34F015DB FOREIGN KEY(MAIN_ID) REFERENCES PUBLIC.JOBCATEGORY(ID) NOCHECK;        
ALTER TABLE PUBLIC.RATING ADD CONSTRAINT PUBLIC.FKC815B19DDDE5EF FOREIGN KEY(RATEDUSER_ID) REFERENCES PUBLIC.USER(ID) NOCHECK; 
ALTER TABLE PUBLIC.ADVERTISEMENT ADD CONSTRAINT PUBLIC.FKF85DD20564DDF1F3 FOREIGN KEY(USER_ID) REFERENCES PUBLIC.USER(ID) NOCHECK;             
ALTER TABLE PUBLIC.RATING ADD CONSTRAINT PUBLIC.FKC815B19DC650EF21 FOREIGN KEY(SKILL_ID) REFERENCES PUBLIC.SKILL(ID) NOCHECK;  
ALTER TABLE PUBLIC.CONVERSATION ADD CONSTRAINT PUBLIC.FK2C1DDC835DB13E77 FOREIGN KEY(USER2_ID) REFERENCES PUBLIC.USER(ID) NOCHECK;             
ALTER TABLE PUBLIC.USER ADD CONSTRAINT PUBLIC.FK36EBCB82240ED3 FOREIGN KEY(SETTLEMENT_ID) REFERENCES PUBLIC.SETTLEMENT(ID) NOCHECK;            
ALTER TABLE PUBLIC.ADVERTISEMENT ADD CONSTRAINT PUBLIC.FKF85DD2055F105C76 FOREIGN KEY(CATEGORY_ID) REFERENCES PUBLIC.JOBCATEGORY(ID) NOCHECK;  
ALTER TABLE PUBLIC.CONVERSATION ADD CONSTRAINT PUBLIC.FK2C1DDC8392AACC79 FOREIGN KEY(ADVERTISEMENT_ID) REFERENCES PUBLIC.ADVERTISEMENT(ID) NOCHECK;            
ALTER TABLE PUBLIC.OFFER ADD CONSTRAINT PUBLIC.FK64C1A5C92AACC79 FOREIGN KEY(ADVERTISEMENT_ID) REFERENCES PUBLIC.ADVERTISEMENT(ID) NOCHECK;    
ALTER TABLE PUBLIC.MESSAGE ADD CONSTRAINT PUBLIC.FK38EB00076F8E3349 FOREIGN KEY(SENDER_ID) REFERENCES PUBLIC.USER(ID) NOCHECK; 
ALTER TABLE PUBLIC.MESSAGE ADD CONSTRAINT PUBLIC.FK38EB0007B90120E5 FOREIGN KEY(RECIPIENT_ID) REFERENCES PUBLIC.USER(ID) NOCHECK;              
